<?xml version="1.0" encoding="UTF-8"?>
<metadata xml:lang="en"><Esri><CreaDate>20230823</CreaDate><CreaTime>15494200</CreaTime><ArcGISFormat>1.0</ArcGISFormat><SyncOnce>TRUE</SyncOnce><DataProperties><lineage><Process ToolSource="c:\program files\arcgis\pro\Resources\ArcToolbox\toolboxes\Conversion Tools.tbx\RasterToASCII" Date="20230823" Time="154942">RasterToASCII CSR_FINAL_NETL_ProjectR_Clip1 D:\THESIS\netlogo\calibration\data\albanybig.asc</Process></lineage></DataProperties></Esri></metadata>
