<?xml version="1.0" encoding="UTF-8"?>
<metadata xml:lang="en"><Esri><CreaDate>20230819</CreaDate><CreaTime>18565900</CreaTime><ArcGISFormat>1.0</ArcGISFormat><SyncOnce>TRUE</SyncOnce><DataProperties><lineage><Process ToolSource="c:\program files\arcgis\pro\Resources\ArcToolbox\toolboxes\Conversion Tools.tbx\RasterToASCII" Date="20230819" Time="185659">RasterToASCII CSR_FINAL_NETL_ProjectR_Clip D:\THESIS\netlogo\calibration\data\denmarkbig2.asc</Process></lineage></DataProperties></Esri></metadata>
