<?xml version="1.0" encoding="UTF-8"?>
<metadata xml:lang="en"><Esri><CreaDate>20230929</CreaDate><CreaTime>13301000</CreaTime><ArcGISFormat>1.0</ArcGISFormat><SyncOnce>TRUE</SyncOnce><DataProperties><lineage><Process ToolSource="c:\program files\arcgis\pro\Resources\ArcToolbox\toolboxes\Conversion Tools.tbx\RasterToASCII" Date="20230929" Time="133010">RasterToASCII CSR_testarea_n_ProjectRaster D:\THESIS\netlogo\calibration\data\testsite2.asc</Process></lineage></DataProperties></Esri></metadata>
